{
  "name": "Бумага",
  "goods": [
    {
      "name": "Бумага сити 150 гр.",
      "price": 100,
      "quality": [
        {
          "name": "Выберете качество",
          "price": 0
        },
        {
          "name": "720dpi",
          "price": 100
        },
        {
          "name": "1080dpi",
          "price": 200
        },
        {
          "name": "1440dpi",
          "price": 300
        }
      ],
      "cutting": [
        {
          "name": "Нет",
          "price": 0
        },
        {
          "name": "Под обрез",
          "price": 100
        }
      ],
      "lamination": [
        {
          "name": "Нет",
          "price": 0
        },
        {
          "name": "Глянцевая 1+0",
          "price": 100
        },
        {
          "name": "Матовая 1+0",
          "price": 100
        },
        {
          "name": "Глянцевая 1+1",
          "price": 100
        },
        {
          "name": "Матовая 1+1",
          "price": 100
        }
      ]
    },
    {
      "name": "Бумага блю бэк 115 гр.",
      "price": 100,
      "quality": [
        {
          "name": "Выберете качество",
          "price": 0
        },
        {
          "name": "720dpi",
          "price": 100
        },
        {
          "name": "1080dpi",
          "price": 200
        }
      ],
      "cutting": [
        {
          "name": "Нет",
          "price": 0
        },
        {
          "name": "Под обрез",
          "price": 100
        }
      ],
      "lamination": [
        {
          "name": "Нет",
          "price": 0
        },
        {
          "name": "Глянцевая 1+0",
          "price": 100
        },
        {
          "name": "Матовая 1+0",
          "price": 100
        },
        {
          "name": "Глянцевая 1+1",
          "price": 100
        },
        {
          "name": "Матовая 1+1",
          "price": 100
        }
      ],
      "poster": [
        {
          "name": "Нет",
          "price": 0
        },
        {
          "name": "3x4м",
          "price": 100
        },
        {
          "name": "3x6м",
          "price": 100
        },
        {
          "name": "3x12м",
          "price": 100
        }
      ]
    }
  ]
}
