{
    "name": "Полиман",
      "goods": [
          {
              "quality": [
          {
            "name": "Выберете качество",
            "price": 0
          },
                          {
            "name": "720dpi",
            "price": 200
          },
          {
            "name": "1080dpi",
            "price": 300
          }
        ],
              "cutting": [
          {
            "name": "Нет",
            "price": 0
          },
          {
            "name": "Под обрез",
            "price": 100
          }
        ]
          }
        ]
  }