{
    "name": "Давальческий материал",
      "goods": [
          {
              "quality": [
          {
            "name": "Выберете качество",
            "price": 0
          },
          {
            "name": "720dpi",
            "price": 100
          },
          {
            "name": "1080dpi",
            "price": 200
          },
          {
            "name": "1440dpi",
            "price": 300
          }
        ]
          }
        ]
  }